parameter,value,image_type,count,mean_similarity,std_similarity
Blur Sigma,1.0,Real,5499,0.9177983450789867,0.027594618867955306
Blur Sigma,1.0,Fake,5499,0.9372819800185256,0.02464551325474732
