parameter,value,image_type,count,mean_similarity,std_similarity
Blur Sigma,3.0,Real,5499,0.7322897659006672,0.06851832146954813
Blur Sigma,3.0,Fake,5499,0.791619066965322,0.05947214102479542
