parameter,value,image_type,count,mean_similarity,std_similarity
Blur Sigma,1.5,Real,3620,0.8798887207363192,0.03702171980651844
Blur Sigma,1.5,Fake,3620,0.8742884132084926,0.035035235369157675
