parameter,value,image_type,count,mean_similarity,std_similarity
Blur Sigma,1.2,Real,3620,0.9126480286292609,0.02772832350809261
Blur Sigma,1.2,Fake,3620,0.9054591795028244,0.0283935052546039
