parameter,value,image_type,count,mean_similarity,std_similarity
Blur Sigma,2.0,Real,54998,0.7927613752101299,0.05602078400894076
Blur Sigma,2.0,Fake,54999,0.8351837888992115,0.050855993032551235
